﻿<?xml version="1.0" encoding="utf-8"?>
<Project DefaultTargets="CopyFiles" xmlns="http://schemas.microsoft.com/developer/msbuild/2003">

<Import Project="msbuild-initialize.xml"/>

<!-- 배포 파일 -->
<ItemGroup>
	<MSBuildExtensionFile Include="$(RootDir)\MSBuild\UserGuide\**\*">
		<DstDir>$(DeploymentDir)\UserGuide</DstDir>
	</MSBuildExtensionFile>
	
	<MSBuildExtensionFile Include="$(BinDir)\ExternalTools\**\*">
		<DstDir>$(DeploymentDir)\ExternalTools</DstDir>
	</MSBuildExtensionFile>
	
	<MSBuildExtensionFile Include="$(BinDir)\ExternalLibs\**\*">
		<DstDir>$(DeploymentDir)\ExternalLibs</DstDir>
	</MSBuildExtensionFile>
	
	<MSBuildExtensionFile Include="$(BinDir)\Scripts\**\*">
		<DstDir>$(DeploymentDir)\Scripts</DstDir>
	</MSBuildExtensionFile>
	
	<MSBuildExtensionFile 
		Include="$(BinDir)\MSBuild.*.Tasks.*;$(BinDir)\MSBuild.*.Tasks.SqlServer*.*; $(BinDir)\MSBuild.Earlgrey*; $(BinDir)\Earlgrey.*; $(BinDir)\Earlgrey.EncodingTools.*; $(BinDir)\Ionic.*;; $(BinDir)\INIFileParser.*;$(BinDir)\Microsoft.VisualStudio.SourceSafe.Interop.dll"
		Exclude="$(BinDir)\MSBuild*Test*;$(BinDir)\*vshost*"
	>
		<DstDir>$(DeploymentDir)</DstDir>
	</MSBuildExtensionFile>
</ItemGroup>

<Target Name="CopyFiles">
	<Copy            
		SourceFiles="%(MSBuildExtensionFile.FullPath)"
		DestinationFolder="%(MSBuildExtensionFile.DstDir)\%(RecursiveDir)"
	/>
</Target>

</Project>
