﻿<?xml version="1.0" encoding="utf-8"?>
<Project DefaultTargets="BuildForCI" xmlns="http://schemas.microsoft.com/developer/msbuild/2003">

<Import Project="msbuild.xml"/>

<!-- C# 코드는 컴파일이 빠르니 안전하게 다시 빌드하자 -->
<Target Name="DetermineBuildConditionForCI">
	<CreateProperty Value="Rebuild" Condition="'$(BuildConditionForCI)' == ''">
		<Output TaskParameter="Value" PropertyName="BuildConditionForCI" />
	</CreateProperty>
	
	<Message Text="BuildConditionForCI = $(BuildConditionForCI)" Importance="high"/>
</Target>
	
<Target Name="SrcUpdate">
	<SvnUpdate 
		ToolPath="$(SvnClientDir)"
		Username="$(SvnUserName)" 
		Password="$(SvnPassword)" 
		LocalPath="$(SvnLocalRootPath)" 
		/>
</Target>

<Target Name="CleanForCI" DependsOnTargets="Clean;">
	<Message Text="타겟: CleanForCI" />
</Target>

<Target Name="BuildForCI" DependsOnTargets="DetermineBuildConditionForCI; SrcUpdate;">	
	<!-- <CallTarget Targets="$(BuildConditionForCI); TestAlone" /> -->
	
	<MSBuild 
		Projects="msbuild-deploy.xml" 
		Properties="Configuration=$(Configuration);BuildCondition=$(BuildConditionForCI)"/>

</Target>

</Project>
