﻿<?xml version="1.0" encoding="utf-8"?>
<Project DefaultTargets="CopyFiles" xmlns="http://schemas.microsoft.com/developer/msbuild/2003">

<Import Project="msbuild-initialize.xml"/>

<!-- 배포 파일 -->
<ItemGroup>
	<UnityBuildFile 
		Include="$(BinDir)\UnityBuild.dll*;$(BinDir)\UnityBuild.pdb;$(BinDir)\UnityBuild.ConsoleUi.*;$(BinDir)\CommandLine*;$(BinDir)\CWDev.SLNTools.Core*;$(BinDir)\Earlgrey.EncodingTools*"
		Exclude="$(BinDir)\UnityBuild*Test*;$(BinDir)\*vshost*"
	>
		<DstDir>$(DeploymentDir)</DstDir>
	</UnityBuildFile>
</ItemGroup>

<Target Name="CopyFiles">
	<Copy            
    SourceFiles="%(UnityBuildFile.FullPath)"
	  DestinationFolder="%(UnityBuildFile.DstDir)\%(RecursiveDir)"
	/>
</Target>

</Project>
