﻿<Project DefaultTargets="SymbolStore" xmlns="http://schemas.microsoft.com/developer/msbuild/2003">

<Import Project="msbuild.xml"/>

<PropertyGroup>
	<PerlRootDir>$(VendorDir)\BuildTool\strawberry-perl-5.12.1.0-portable</PerlRootDir>
	<PerlZip>$(PerlRootDir).zip</PerlZip>

	<DebuggingToolsRootDir>$(VendorDir)\BuildTool\Debugging Tools for Windows</DebuggingToolsRootDir>
	<DebuggingToolsDir>$(DebuggingToolsRootDir)\x86</DebuggingToolsDir>
	<DebuggingToolsDir Condition="'$(PROCESSOR_ARCHITECTURE)' == 'AMD64' OR '$(PROCESSOR_ARCHITEW6432)' == 'AMD64'">$(DebuggingToolsRootDir)\x64</DebuggingToolsDir>	
	<DebuggingToolsZip>$(DebuggingToolsDir).zip</DebuggingToolsZip>
</PropertyGroup>

<PropertyGroup>
	<SymbolStorageDir Condition="'$(SymbolStorageDir)' == ''">$(RootDir)\$(OutputDir)\Symbols</SymbolStorageDir>
	<SymbolProjectName Condition="'$(SymbolProjectName)' ==''">EarlGrey</SymbolProjectName>
</PropertyGroup>

<Target Name="UnzipPerl">
	 <Unzip 
		ZipFileName="$(PerlZip)" 
		TargetDirectory="$(PerlRootDir)"
		Condition="!Exists('$(PerlRootDir)')"
		/>
</Target>

<Target Name="UnzipSymbolIndexTool" DependsOnTargets="UnzipPerl">
	 <Unzip 
		ZipFileName="$(DebuggingToolsZip)" 
		TargetDirectory="$(DebuggingToolsRootDir)"
		Condition="!Exists('$(DebuggingToolsDir)')"
		/>
</Target>

<Target Name="PrepareSymbolIndexTool" DependsOnTargets="UnzipSymbolIndexTool">
</Target>

<Target Name="SymbolIndex" DependsOnTargets="PrepareSymbolIndexTool">
	<Error 
		Text="A variable 'BinDir' can not be empty!"
		Condition="'$(BinDir)' == ''"
		/>
		
	<Exec
		Command="$(Quot)$(DebuggingToolsDir)\srcsrv\svnindex.cmd$(Quot) /debug /source=$(Quot)$(TreeRootDir)$(Quot) /symbols=$(Quot)$(RootDir)\$(BinDir)$(Quot)"
		WorkingDirectory="$(TreeRootDir)"
		ContinueOnError="false" 
		IgnoreExitCode="false"
		/>
</Target>


<Target Name="SymbolStore" DependsOnTargets="SymbolIndex">
	<Exec
		Command="$(Quot)$(DebuggingToolsDir)\symstore.exe$(Quot) add /o /r /f $(Quot)$(RootDir)\$(BinDir)$(Quot) /s $(Quot)$(SymbolStorageDir)$(Quot) /t $(SymbolProjectName) /compress"
		WorkingDirectory="$(TreeRootDir)"
		ContinueOnError="false" 
		IgnoreExitCode="false"
		/>
</Target>

</Project>
	