﻿<?xml version="1.0" encoding="utf-8" ?>
<Project DefaultTargets="Checkout" xmlns="http://schemas.microsoft.com/developer/msbuild/2003">

<!-- 플랫폼 판단 -->
<Choose>
	<When Condition=" '$(MSBuildBinPath)'=='$(WINDIR)\Microsoft.NET\Framework64\v3.5' ">
		<PropertyGroup>
			<Is64Bit>true</Is64Bit>
			<Platform>x64</Platform>
		</PropertyGroup>
	</When>
	<Otherwise>
		<PropertyGroup>
			<Is64Bit>false</Is64Bit>
			<Platform>Win32</Platform>
		</PropertyGroup>
	</Otherwise>
</Choose>

<PropertyGroup>
	<RootDir>$(MSBuildProjectDirectory)</RootDir>
</PropertyGroup>

<!-- 특별한 문자열 -->
<PropertyGroup>
	<Semicolon>%3b</Semicolon>

	<Ampersand>&amp;</Ampersand>
	<LeftAngleBracket>&lt;</LeftAngleBracket>
	<RightAngleBracket>&gt;</RightAngleBracket>
	<StraightQuotationMark>&quot;</StraightQuotationMark>
	<Quot>$(StraightQuotationMark)</Quot>
	<Apostrophe>&apos;</Apostrophe>
</PropertyGroup>

<PropertyGroup>
	<WorkingCopyDir Condition="'$(WorkingCopyDir)' == ''">earlgrey-buildtools</WorkingCopyDir>
</PropertyGroup>

<Target Name="Checkout">
	<Error
		Text="Working copy directory '$(WorkingCopyDir)' already exists!"
		Condition="Exists('$(WorkingCopyDir)')"
	/>

  <!--
  <MakeDir Directories="$(WorkingCopyDir)" />
  -->

	<Exec Command="svn.exe checkout https://earlgrey.googlecode.com/svn $(Quot)$(WorkingCopyDir)$(Quot) --depth empty"  />
  
	<!--
	<Exec
		Command="svn.exe update -set-depth exclude $(Quot)$(WorkingCopyDir)\branches$(Quot)"
	/>

	<Exec
		Command="svn.exe update -set-depth exclude $(Quot)$(WorkingCopyDir)\tags$(Quot)"
	/>

	<Exec
		Command="svn.exe update -set-depth exclude $(Quot)$(WorkingCopyDir)\wiki$(Quot)"
	/>
	-->
  
	<Exec Command="svn.exe update --set-depth empty $(Quot)$(WorkingCopyDir)\trunk$(Quot)" />

	<Exec Command="svn.exe update --set-depth empty $(Quot)$(WorkingCopyDir)\trunk\vendor$(Quot)" />
	
	<Exec Command="svn.exe update --set-depth infinity $(Quot)$(WorkingCopyDir)\trunk\vendor\CommandLineParserLibrary$(Quot)" />
	
	<Exec Command="svn.exe update --set-depth infinity $(Quot)$(WorkingCopyDir)\trunk\vendor\DotNetZipLib-DevKit-v1.9$(Quot)" />
	
	<Exec Command="svn.exe update --set-depth infinity $(Quot)$(WorkingCopyDir)\trunk\vendor\NUnit 2.5.1$(Quot)" />

	<Exec Command="svn.exe update --set-depth infinity $(Quot)$(WorkingCopyDir)\trunk\vendor\SLNTools$(Quot)" />
	
	<Exec Command="svn.exe update --set-depth empty $(Quot)$(WorkingCopyDir)\trunk\vendor\BuildTool$(Quot)" />
	
	<Exec Command="svn.exe update --set-depth infinity $(Quot)$(WorkingCopyDir)\trunk\vendor\BuildTool\MSBuildCommunityTasks$(Quot)" />
	
	<Exec Command="svn.exe update --set-depth immediates $(Quot)$(WorkingCopyDir)\trunk\src$(Quot)" />

	<Exec Command="svn.exe update --set-depth infinity $(Quot)$(WorkingCopyDir)\trunk\src\BuildTools$(Quot)" />

</Target>

</Project>

