<?xml version="1.0"?>
<doc>
    <assembly>
        <name>MSBuild.Earlgrey.Tasks.SqlServer2008</name>
    </assembly>
    <members>
        <member name="T:MSBuild.Earlgrey.Tasks.SqlServer2008.GenerateSqlScripts">
            <summary>
            Getting database objects int the SQL script files. This is the MSBuild version of SQL Server's DTS feature.
            </summary>
            <remarks>
            <see cref="T:MSBuild.Earlgrey.Tasks.SqlServer2008.GenerateSqlScripts"/> can get the various types of database objects into the .sql files. 
            This is very useful when you want to backup or version-control the database.
            
            Supported environments are:
            
            <list type="bullet">
            <item>
            <description>Microsoft SQL Server 2005</description>
            </item>
            <item>
            <description>Microsoft SQL Server 2008</description>
            </item>
            </list>
            
            There are several combinations of how to connect to a SQL Server.
            <list type="bullet">
            <item>
            <description>If you do not specify the both of <see cref="P:MSBuild.Earlgrey.Tasks.SqlServer2008.GenerateSqlScripts.ConnectionString"/> and <see cref="P:MSBuild.Earlgrey.Tasks.SqlServer2008.GenerateSqlScripts.Server"/>, this class will connect to the local instance using the trusted connection.</description>
            </item>
            <item>
            <description>If you specify the <see cref="P:MSBuild.Earlgrey.Tasks.SqlServer2008.GenerateSqlScripts.ConnectionString"/>, this class will use it.</description>
            </item>
            <item>
            <description>If you specify the <see cref="P:MSBuild.Earlgrey.Tasks.SqlServer2008.GenerateSqlScripts.Server"/> without <see cref="P:MSBuild.Earlgrey.Tasks.SqlServer2008.GenerateSqlScripts.UserName"/>, this class will connect to the <see cref="P:MSBuild.Earlgrey.Tasks.SqlServer2008.GenerateSqlScripts.Server"/> using the trusted connection.</description>
            </item>
            <item>
            <description>If you specify the <see cref="P:MSBuild.Earlgrey.Tasks.SqlServer2008.GenerateSqlScripts.Server"/> and <see cref="P:MSBuild.Earlgrey.Tasks.SqlServer2008.GenerateSqlScripts.UserName"/>/<see cref="P:MSBuild.Earlgrey.Tasks.SqlServer2008.GenerateSqlScripts.Password"/>, this class will use it.</description>
            </item>
            </list>
            
            Most of the properties refers to <see cref="T:Microsoft.SqlServer.Management.Smo.ScriptingOptions"/> class. See http://msdn.microsoft.com/en-us/library/microsoft.sqlserver.management.smo.scriptingoptions.aspx for more details.
            </remarks>
            <example>
            <code title="Scripts all the object schemas from the target database." lang="xml" source=".\Samples\msbuild-GenerateSqlScripts-only-for-schemas.xml"/>
            <code title="Scripts all the table records from the target database." lang="xml" source=".\Samples\msbuild-GenerateSqlScripts-only-for-table-records.xml"/>
            <code title="Scripts all the object schemas with all the table records from the target database." lang="xml" source=".\Samples\msbuild-GenerateSqlScripts-all.xml"/>
            </example>
        </member>
        <member name="T:MSBuild.Earlgrey.Tasks.SqlServer2008.AutoResolveTask">
            <summary>
            Resolve the necessary assembly files when Microsoft SQL Server 2008 Management Objects is installed in GAC.
            </summary>
            <remarks></remarks>
        </member>
        <member name="P:MSBuild.Earlgrey.Tasks.SqlServer2008.AutoResolveTask.ThisAssemblyDirectory">
            <summary>
            Gets the directory where this assembly resides in.
            </summary>
            <remarks></remarks>
        </member>
        <member name="M:MSBuild.Earlgrey.Tasks.SqlServer2008.GenerateSqlScripts.#ctor">
            <summary>
            Initializes a new instance of the <see cref="T:MSBuild.Earlgrey.Tasks.SqlServer2008.GenerateSqlScripts"/> class.
            </summary>
            <remarks></remarks>
        </member>
        <member name="M:MSBuild.Earlgrey.Tasks.SqlServer2008.GenerateSqlScripts.ValidateParameters">
            <inheritdoc />
        </member>
        <member name="M:MSBuild.Earlgrey.Tasks.SqlServer2008.GenerateSqlScripts.ExecuteCommand">
            <inheritdoc />
        </member>
        <member name="P:MSBuild.Earlgrey.Tasks.SqlServer2008.GenerateSqlScripts.ConnectionString">
            <summary>
            Gets or sets the connection string.
            </summary>
            <value>The connection string.</value>
            <remarks></remarks>
        </member>
        <member name="P:MSBuild.Earlgrey.Tasks.SqlServer2008.GenerateSqlScripts.Server">
            <summary>
            Gets or sets the server address.
            </summary>
            <value>The server address.</value>
            <remarks></remarks>
        </member>
        <member name="P:MSBuild.Earlgrey.Tasks.SqlServer2008.GenerateSqlScripts.UserName">
            <summary>
            Gets or sets the name of the user.
            </summary>
            <value>The name of the user.</value>
            <remarks></remarks>
        </member>
        <member name="P:MSBuild.Earlgrey.Tasks.SqlServer2008.GenerateSqlScripts.Password">
            <summary>
            Gets or sets the password.
            </summary>
            <value>The password.</value>
            <remarks></remarks>
        </member>
        <member name="P:MSBuild.Earlgrey.Tasks.SqlServer2008.GenerateSqlScripts.Database">
            <summary>
            [Required] Gets or sets the database.
            </summary>
            <value>The database.</value>
            <remarks></remarks>
        </member>
        <member name="P:MSBuild.Earlgrey.Tasks.SqlServer2008.GenerateSqlScripts.AllowSystemObjects">
            <summary>
            If you want to script system objects too, set <c>true</c>; otherwise, <c>false</c>.
            </summary>s
            <value>Gets or sets a value indicating whether to script system objects.</value>
            <remarks></remarks>
        </member>
        <member name="P:MSBuild.Earlgrey.Tasks.SqlServer2008.GenerateSqlScripts.ClusteredIndexes">
            <summary>
            if you want to script clustered indexes, set <c>true</c>; otherwise, <c>false</c>.
            </summary>
            <value>Gets or sets a value indicating whether to script clustered indexes.</value>
            <remarks></remarks>
        </member>
        <member name="P:MSBuild.Earlgrey.Tasks.SqlServer2008.GenerateSqlScripts.ContinueScriptingOnError">
            <summary>
            if you do not want to stop scripting on error, set <c>true</c>; otherwise, <c>false</c>.
            </summary>
            <value>Gets or sets a value indicating whether to continue scripting on error].</value>
            <remarks></remarks>
        </member>
        <member name="P:MSBuild.Earlgrey.Tasks.SqlServer2008.GenerateSqlScripts.ConvertUserDefinedDataTypesToBaseType">
            <summary>
            If you want to convert user defined data types to base types, set <c>true</c>; otherwise, <c>false</c>.
            </summary>
            <value>Gets or sets a value indicating whether to convert user defined data types to base types.</value>
            <remarks></remarks>
        </member>
        <member name="P:MSBuild.Earlgrey.Tasks.SqlServer2008.GenerateSqlScripts.EncodingOrCodePage">
            <summary>
            Gets or sets the encoding type / code page of the target script files.
            </summary>
            <value>The encoding type or code page.</value>
            <remarks></remarks>
        </member>
        <member name="P:MSBuild.Earlgrey.Tasks.SqlServer2008.GenerateSqlScripts.ExtendedProperties">
            <summary>
            If you want to script [extended properties], set <c>true</c>; otherwise, <c>false</c>.
            </summary>
            <value>Gets or sets a value indicating whether to script [extended properties]. </value>
            <remarks></remarks>
        </member>
        <member name="P:MSBuild.Earlgrey.Tasks.SqlServer2008.GenerateSqlScripts.FullTextIndexes">
            <summary>
            If you want to script [full text indexes], set <c>true</c>; otherwise, <c>false</c>.
            </summary>
            <value>Gets or sets a value indicating whether to script [full text indexes]. </value>
            <remarks></remarks>
        </member>
        <member name="P:MSBuild.Earlgrey.Tasks.SqlServer2008.GenerateSqlScripts.IncludeDatabaseContext">
            <summary>
            If you want to [include database context], set <c>true</c>; otherwise, <c>false</c>.
            </summary>
            <value>Gets or sets a value indicating whether to [include database context]. </value>
            <remarks></remarks>
        </member>
        <member name="P:MSBuild.Earlgrey.Tasks.SqlServer2008.GenerateSqlScripts.IncludeIfNotExists">
            <summary>
            If you want to [include if not exists], set <c>true</c>; otherwise, <c>false</c>.
            </summary>
            <value>Gets or sets a value indicating whether to [include if not exists]. </value>
            <remarks></remarks>
        </member>
        <member name="P:MSBuild.Earlgrey.Tasks.SqlServer2008.GenerateSqlScripts.IncludeHeaders">
            <summary>
            If you want to [include headers], set <c>true</c>; otherwise, <c>false</c>.
            </summary>
            <value>Gets or sets a value indicating whether to [include headers]. </value>
            <remarks></remarks>
        </member>
        <member name="P:MSBuild.Earlgrey.Tasks.SqlServer2008.GenerateSqlScripts.Indexes">
            <summary>
            If you want to script [indexes], set <c>true</c>; otherwise, <c>false</c>.
            </summary>
            <value>Gets or sets a value indicating whether to script [indexes]. </value>
            <remarks></remarks>
        </member>
        <member name="P:MSBuild.Earlgrey.Tasks.SqlServer2008.GenerateSqlScripts.NoFileGroup">
            <summary>
            If you want to specify which file group the target database objects in, set <c>false</c>; otherwise, <c>true</c> (default).
            </summary>
            <value>Gets or sets a value indicating whether to specify the file group. </value>
            <remarks></remarks>
        </member>
        <member name="P:MSBuild.Earlgrey.Tasks.SqlServer2008.GenerateSqlScripts.NoCollation">
            <summary>
            If you want to specify which collation the target database objects use, set <c>false</c>; otherwise, <c>true</c>.
            </summary>
            <value>Gets or sets a value indicating whether to specify the collation. </value>
            <remarks></remarks>
        </member>
        <member name="P:MSBuild.Earlgrey.Tasks.SqlServer2008.GenerateSqlScripts.NonClusteredIndexes">
            <summary>
            If you want to script [non clustered indexes], set <c>true</c>; otherwise, <c>false</c>.
            </summary>
            <value>Gets or sets a value indicating whether to script [non clustered indexes]. </value>
            <remarks></remarks>
        </member>
        <member name="P:MSBuild.Earlgrey.Tasks.SqlServer2008.GenerateSqlScripts.Permissions">
            <summary>
            If you want to script [permissions], set <c>true</c>; otherwise, <c>false</c>.
            </summary>
            <value>Gets or sets a value indicating whether to script [permissions]. </value>
            <remarks></remarks>
        </member>
        <member name="P:MSBuild.Earlgrey.Tasks.SqlServer2008.GenerateSqlScripts.ScriptOwner">
            <summary>
            Gets or sets the Boolean property value that specifies whether the script owner is included in the generated script. 
            </summary>
            <value>
            If <c>true</c> (default), the script includes text identifying the script owner.
            If <c>false</c>, the script does not identify the script owner.
            </value>
            <remarks></remarks>
        </member>
        <member name="P:MSBuild.Earlgrey.Tasks.SqlServer2008.GenerateSqlScripts.ScriptDrops">
            <summary>
            Gets or sets the Boolean property value that specifies whether the script operation generates a Transact-SQL script to remove the referenced component. 
            </summary>
            <value>
            A Boolean value that specifies whether to include drop clauses to remove objects in the generated script.
            If <c>true</c>, the script operation generates a Transact-SQL script to remove the referenced component.
            If <c>false</c> (default), the script operation generates a Transact-SQL script to create the referenced component.
            </value>
            <remarks></remarks>
        </member>
        <member name="P:MSBuild.Earlgrey.Tasks.SqlServer2008.GenerateSqlScripts.SchemaQualify">
            <summary>
            Gets or sets the Boolean property value that specifies whether the schemas associated with objects are included in the generated script. 
            </summary>
            <value>
            A Boolean value that specifies whether objects that have no schema are included in the generated script.
            If <c>true</c>, objects with no schema are not included in the generated script. Otherwise, <c>false</c> (default).
            </value>
            <remarks></remarks>
        </member>
        <member name="P:MSBuild.Earlgrey.Tasks.SqlServer2008.GenerateSqlScripts.ScriptTriggers">
            <summary>
            Gets or sets the Boolean property value that specifies whether to include the definition for triggers in the generated script. 
            </summary>
            <value>
            A Boolean value that specifies whether to include the definition of triggers in the generated script.
            If <c>true</c>, the trigger definitions are included in the script. Otherwise, False (default).
            </value>
            <remarks></remarks>
        </member>
        <member name="P:MSBuild.Earlgrey.Tasks.SqlServer2008.GenerateSqlScripts.ScriptTables">
            <summary>
            Gets or sets a value indicating whether to script tables.
            </summary>
            <value>If you want to script tables, set <c>true</c> (default); otherwise, <c>false</c>.</value>
            <remarks></remarks>
        </member>
        <member name="P:MSBuild.Earlgrey.Tasks.SqlServer2008.GenerateSqlScripts.ScriptViews">
            <summary>
            Gets or sets a value indicating whether to script views.
            </summary>
            <value>If you want to script views, set <c>true</c> (default); otherwise, <c>false</c>.</value>
            <remarks></remarks>
        </member>
        <member name="P:MSBuild.Earlgrey.Tasks.SqlServer2008.GenerateSqlScripts.ScriptStoredProcedures">
            <summary>
            Gets or sets a value indicating whether to script stored procedures.
            </summary>
            <value>If you want to script stored procedures, set <c>true</c> (default); otherwise, <c>false</c>.</value>
            <remarks></remarks>
        </member>
        <member name="P:MSBuild.Earlgrey.Tasks.SqlServer2008.GenerateSqlScripts.ScriptAssemblies">
            <summary>
            Gets or sets a value indicating whether to script assemblies.
            </summary>
            <value>If you want to script assemblies, set <c>true</c>; otherwise, <c>false</c> (default).</value>
            <remarks></remarks>
        </member>
        <member name="P:MSBuild.Earlgrey.Tasks.SqlServer2008.GenerateSqlScripts.ScriptSchemas">
            <summary>
            Gets or sets a value indicating whether the schema is scripted.
            </summary>
            <value>Set <c>true</c> (default) if you want to [script schemas]; otherwise, <c>false</c>.</value>
            <remarks></remarks>
        </member>
        <member name="P:MSBuild.Earlgrey.Tasks.SqlServer2008.GenerateSqlScripts.ScriptUsers">
            <summary>
            Gets or sets a value indicating whether to script users.
            </summary>
            <value>Set <c>true</c> (default) if you want to [script users]; otherwise, <c>false</c>.</value>
            <remarks></remarks>
        </member>
        <member name="P:MSBuild.Earlgrey.Tasks.SqlServer2008.GenerateSqlScripts.AllConstraints">
            <summary>
            Gets or sets the Boolean property value that specifies whether all declarative referential integrity constraints are included in the generated script.
            </summary>
            <value>
            A Boolean value that specifies whether to script all constraint objects that have enforced declarative referential integrity.
            If <c>true</c> (default), all constraint objects that have enforced declarative referential integrity are included in the script. Otherwise, <c>false</c>.
            </value>
            <remarks></remarks>
        </member>
        <member name="P:MSBuild.Earlgrey.Tasks.SqlServer2008.GenerateSqlScripts.OutputDir">
            <summary>
            Gets or sets the output directory.
            </summary>
            <value>If you do not specify the output directory, the base directory will be used as an output directory.</value>
            <remarks></remarks>
        </member>
        <member name="P:MSBuild.Earlgrey.Tasks.SqlServer2008.GenerateSqlScripts.OutputFileName">
            <summary>
            Gets or sets the the output file path.
            </summary>
            <value>
            If you specify <see cref="P:MSBuild.Earlgrey.Tasks.SqlServer2008.GenerateSqlScripts.OutputFileName"/>, all the database objects are scripted into a single file; 
            otherwise each object is scripted into a separate file.
            </value>
            <remarks></remarks>
        </member>
        <member name="P:MSBuild.Earlgrey.Tasks.SqlServer2008.GenerateSqlScripts.Overwrite">
            <summary>
            Gets or sets a value indicating whether the script files are overwrite.
            </summary>
            <value>Set <c>true</c> if you want to script files to be overwritten; otherwise, <c>false</c>.</value>
            <remarks></remarks>
        </member>
        <member name="P:MSBuild.Earlgrey.Tasks.SqlServer2008.GenerateSqlScripts.IncludeTables">
            <summary>
            Use this property if you want to script the very specific tables only.
            </summary>
            <value>Gets or sets the tables to be scripted.</value>
            <remarks></remarks>
        </member>
        <member name="P:MSBuild.Earlgrey.Tasks.SqlServer2008.GenerateSqlScripts.ExcludeTables">
            <summary>
            Use this property if you want to script all of the table in the target database except the specific tables.
            </summary>
            <value>Gets or sets the tables not to be scripted.</value>
            <remarks></remarks>
        </member>
        <member name="P:MSBuild.Earlgrey.Tasks.SqlServer2008.GenerateSqlScripts.CopyData">
            <summary>
            Gets or sets a value indicating whether to script table records.
            </summary>
            <value><c>true</c> if you want to script table records; otherwise, <c>false</c>.</value>
            <remarks></remarks>
        </member>
        <member name="T:MSBuild.Earlgrey.Tasks.SqlServer2008.NamespaceDoc">
            <summary>
            The <see cref="N:MSBuild.Earlgrey.Tasks.SqlServer2008"/> is the namespace which contains classes for manipulating Microsoft SQL Server 20008.
            </summary>
        </member>
    </members>
</doc>
