<?xml version="1.0"?>
<doc>
    <assembly>
        <name>MSBuild.Earlgrey.Tasks.SqlServer2005</name>
    </assembly>
    <members>
        <member name="T:MSBuild.Earlgrey.Tasks.SqlServer2005.GetRegisteredGroups">
            <summary>
            Getting all the server groups registered in SQL Server Management Studio 2005.
            </summary>
            <example>
            <code title="Enumerate server groups registered in SQL Server Management Studio 2005." lang="xml" source=".\Samples\msbuild-GetRegisteredGroups.xml" />
            </example>
            <remarks></remarks>
        </member>
        <member name="T:MSBuild.Earlgrey.Tasks.SqlServer2005.AutoResolveTask">
            <summary>
            Resolve the necessary assembly files when Microsoft SQL Server 2005 Management Objects is installed in GAC.
            </summary>
            <remarks></remarks>
        </member>
        <member name="P:MSBuild.Earlgrey.Tasks.SqlServer2005.AutoResolveTask.ThisAssemblyDirectory">
            <summary>
            Gets the directory where this assembly resides in.
            </summary>
            <remarks></remarks>
        </member>
        <member name="M:MSBuild.Earlgrey.Tasks.SqlServer2005.GetRegisteredGroups.#ctor">
            <summary>
            Initializes a new instance of the <see cref="T:MSBuild.Earlgrey.Tasks.SqlServer2005.GetRegisteredGroups"/> class.
            </summary>
            <remarks></remarks>
        </member>
        <member name="P:MSBuild.Earlgrey.Tasks.SqlServer2005.GetRegisteredGroups.Names">
            <summary>
            [Output] Gets the all the names of server groups registered in SQL Server Management Studio 2005.
            </summary>
            <remarks></remarks>
        </member>
        <member name="T:MSBuild.Earlgrey.Tasks.SqlServer2005.RegisterServer">
            <summary>
            Register the target server on the target server group into SQL Server Management Studio 2005.
            </summary>
            <example>
              <code title="Register and unregister the target server in SQL Server Management Studio 2005." lang="xml" source=".\Samples\msbuild-RegisterServer-UnregisterServer.xml"/>
            </example>
            <remarks></remarks>
        </member>
        <member name="M:MSBuild.Earlgrey.Tasks.SqlServer2005.RegisterServer.#ctor">
            <inheritdoc />
        </member>
        <member name="M:MSBuild.Earlgrey.Tasks.SqlServer2005.RegisterServer.ValidateParameters">
            <inheritdoc />
        </member>
        <member name="M:MSBuild.Earlgrey.Tasks.SqlServer2005.RegisterServer.ExecuteCommand">
            <inheritdoc />
        </member>
        <member name="P:MSBuild.Earlgrey.Tasks.SqlServer2005.RegisterServer.Name">
            <summary>
            [Required] Gets or sets the server name.
            </summary>
            <value>The server name.</value>
            <remarks></remarks>
        </member>
        <member name="P:MSBuild.Earlgrey.Tasks.SqlServer2005.RegisterServer.Path">
            <summary>
            Gets or sets the path where the target server <see cref="P:MSBuild.Earlgrey.Tasks.SqlServer2005.RegisterServer.Name"/> is on.
            </summary>
            <value>If you do not set <see cref="P:MSBuild.Earlgrey.Tasks.SqlServer2005.RegisterServer.Path"/>, the target server will be created on the root.</value>
            <example>
            <code>ServerGroup[@Name=''Local Instances'']/ServerGroup[@Name=''Group2'']</code>
            </example>
            <remarks>        
            </remarks>
        </member>
        <member name="P:MSBuild.Earlgrey.Tasks.SqlServer2005.RegisterServer.Description">
            <summary>
            Gets or sets a textual description of the referenced registered server.
            </summary>
            <value>A String value that specifies the textual description of the reference registered server.</value>
            <remarks></remarks>
        </member>
        <member name="P:MSBuild.Earlgrey.Tasks.SqlServer2005.RegisterServer.ServerInstance">
            <summary>
            Gets or sets the instance of SQL Server that is the registered server. 
            </summary>
            <value>A String value that specifies the instance of SQL Server that is the registered server.</value>
            <remarks></remarks>
        </member>
        <member name="P:MSBuild.Earlgrey.Tasks.SqlServer2005.RegisterServer.Login">
            <summary>
            Gets or sets the login used to establish a connection with the registered server. 
            </summary>
            <value>A String value that specifies the used to establish a connection with the registered server.</value>
            <remarks></remarks>
        </member>
        <member name="P:MSBuild.Earlgrey.Tasks.SqlServer2005.RegisterServer.LoginSecure">
            <summary>
            Gets or sets the Boolean property value that specifies whether the connection is authenticated by Windows Authentication. 
            </summary>
            <value>
            A Boolean value that specifies whether the connection is authenticated by Windows Authentication.
            If <c>true</c> (default), the connection is authenticated by Windows Authentication.
            If <c>false</c>, the connection is authenticated by using SQL Server standard authentication.
            </value>
            <remarks></remarks>
        </member>
        <member name="P:MSBuild.Earlgrey.Tasks.SqlServer2005.RegisterServer.Password">
            <summary>
            Gets or sets the password used with SQL Server standard authentication to establish a connection to the registered server. 
            </summary>
            <value>The password.</value>
            <remarks></remarks>
        </member>
        <member name="P:MSBuild.Earlgrey.Tasks.SqlServer2005.RegisterServer.CreateRecursively">
            <summary>
            Gets or sets a value indicating whether to create recursively.
            </summary>
            <value>Set <c>true</c> if you want to create the server <see cref="P:MSBuild.Earlgrey.Tasks.SqlServer2005.RegisterServer.Name"/> recursively; otherwise, <c>false</c>.</value>
            <remarks></remarks>
        </member>
        <member name="T:MSBuild.Earlgrey.Tasks.SqlServer2005.UnregisterServer">
            <summary>
            Unregister the target server on the target server group from SQL Server Management Studio 2005.
            </summary>
            <example>
              <code title="Register and unregister the target server in SQL Server Management Studio 2005." lang="xml" source=".\Samples\msbuild-RegisterServer-UnregisterServer.xml"/>
            </example>
            <remarks></remarks>
        </member>
        <member name="M:MSBuild.Earlgrey.Tasks.SqlServer2005.UnregisterServer.#ctor">
            <inheritdoc />
        </member>
        <member name="P:MSBuild.Earlgrey.Tasks.SqlServer2005.UnregisterServer.Name">
            <summary>
            [Required] Gets or sets the server name.
            </summary>
            <value>The server name.</value>
            <remarks></remarks>
        </member>
        <member name="P:MSBuild.Earlgrey.Tasks.SqlServer2005.UnregisterServer.Path">
            <summary>
            Gets or sets the path where the target group <see cref="P:MSBuild.Earlgrey.Tasks.SqlServer2005.UnregisterServer.Name"/> is on.
            </summary>
            <value>If you do not set <see cref="P:MSBuild.Earlgrey.Tasks.SqlServer2005.UnregisterServer.Path"/>, the target server group will be assumed as the root.</value>
            <example>
            <code>ServerGroup[@Name=''Local Instances'']/ServerGroup[@Name=''Group2'']</code>
            </example>
            <remarks>
            </remarks>
        </member>
        <member name="T:MSBuild.Earlgrey.Tasks.SqlServer2005.SqlCmd">
            <summary>
            A wrapper calss for 'SqlCmd.exe'.
            </summary>
            <remarks>
            This tasks can be used to execute some DDL scripts on the target database.
            
            See <a href="http://msdn.microsoft.com/en-us/library/ms162773%28v=SQL.90%29.aspx">sqlcmd Utility</a> for more details. 
            MSDN library describes how to use the sqlcmd utility.
            </remarks>
            <example>
            <code title="Run some DDL scripts using sqlcmd utility." lang="xml" source=".\Samples\msbuild-sqlcmd.xml" />
            </example>
        </member>
        <member name="M:MSBuild.Earlgrey.Tasks.SqlServer2005.SqlCmd.GenerateFullPathToTool">
            <inheritdoc />
        </member>
        <member name="M:MSBuild.Earlgrey.Tasks.SqlServer2005.SqlCmd.GenerateCommandLineCommands">
            <inheritdoc />
        </member>
        <member name="P:MSBuild.Earlgrey.Tasks.SqlServer2005.SqlCmd.ToolName">
            <inheritdoc />
        </member>
        <member name="P:MSBuild.Earlgrey.Tasks.SqlServer2005.SqlCmd.LoginId">
            <summary>
            Gets or sets the user login ID.
            </summary>
            <value>The user login ID.</value>
            <remarks>-U switch</remarks>
        </member>
        <member name="P:MSBuild.Earlgrey.Tasks.SqlServer2005.SqlCmd.Password">
            <summary>
            Gets or sets the password.
            </summary>
            <value>The password.</value>
            <remarks>-P switch</remarks>
        </member>
        <member name="P:MSBuild.Earlgrey.Tasks.SqlServer2005.SqlCmd.Server">
            <summary>
            Gets or sets the server.
            </summary>
            <value>The server.</value>
            <remarks>-S switch</remarks>
        </member>
        <member name="P:MSBuild.Earlgrey.Tasks.SqlServer2005.SqlCmd.HostName">
            <summary>
            Gets or sets the name of the host.
            </summary>
            <value>The name of the host.</value>
            <remarks>-H switch</remarks>
        </member>
        <member name="P:MSBuild.Earlgrey.Tasks.SqlServer2005.SqlCmd.DbName">
            <summary>
            Gets or sets the name of the db.
            </summary>
            <value>The name of the db.</value>
            <remarks>-d switch</remarks>
        </member>
        <member name="P:MSBuild.Earlgrey.Tasks.SqlServer2005.SqlCmd.InputFile">
            <summary>
            Gets or sets the input file.
            </summary>
            <value>The input file.</value>
            <remarks>-i switch</remarks>
        </member>
        <member name="P:MSBuild.Earlgrey.Tasks.SqlServer2005.SqlCmd.TrustedConnection">
            <summary>
            Gets or sets a value indicating whether [trusted connection].
            </summary>
            <value><c>true</c> if [trusted connection]; otherwise, <c>false</c>.</value>
            <remarks>-E switch</remarks>
        </member>
        <member name="P:MSBuild.Earlgrey.Tasks.SqlServer2005.SqlCmd.StopOnError">
            <summary>
            Gets or sets a value indicating whether to [stop on error].
            </summary>
            <value><c>true</c> if you want to [stop on error]; otherwise, <c>false</c>.</value>
            <remarks></remarks>
        </member>
        <member name="P:MSBuild.Earlgrey.Tasks.SqlServer2005.SqlCmd.Query">
            <summary>
            Gets or sets the query.
            </summary>
            <value>The query.</value>
            <remarks>-Q switch</remarks>
        </member>
        <member name="T:MSBuild.Earlgrey.Tasks.SqlServer2005.NamespaceDoc">
            <summary>
            The <see cref="N:MSBuild.Earlgrey.Tasks.SqlServer2005"/> is the namespace which contains classes for manipulating Microsoft SQL Server 20008.
            </summary>
        </member>
        <member name="T:MSBuild.Earlgrey.Tasks.SqlServer2005.RegisterGroup">
            <summary>
            Register a server group into SQL Server Management Studio 2005.
            </summary>
            <example>
            <code title="Register and unregister the target server group in SQL Server Management Studio 2005." lang="xml" source=".\Samples\msbuild-RegisterGroup-UnregisterGroup.xml" />
            </example>
            <remarks></remarks>
        </member>
        <member name="M:MSBuild.Earlgrey.Tasks.SqlServer2005.RegisterGroup.#ctor">
            <inheritdoc />
        </member>
        <member name="P:MSBuild.Earlgrey.Tasks.SqlServer2005.RegisterGroup.Name">
            <summary>
            [Required] Gets or sets the name of the server group.
            </summary>
            <value>The server group name.</value>
            <remarks></remarks>
        </member>
        <member name="P:MSBuild.Earlgrey.Tasks.SqlServer2005.RegisterGroup.Description">
            <summary>
            Gets or sets the description.
            </summary>
            <value>The description.</value>
            <remarks></remarks>
        </member>
        <member name="P:MSBuild.Earlgrey.Tasks.SqlServer2005.RegisterGroup.Path">
            <summary>
            Gets or sets the path where the target group <see cref="P:MSBuild.Earlgrey.Tasks.SqlServer2005.RegisterGroup.Name"/> is on.
            </summary>
            <value>If you do not set <see cref="P:MSBuild.Earlgrey.Tasks.SqlServer2005.RegisterGroup.Path"/>, the target server group will be created on the root.</value>
            <example>
            <code>ServerGroup[@Name=''Local Instances'']/ServerGroup[@Name=''Group2'']</code>
            </example>
            <remarks>        
            </remarks>
        </member>
        <member name="P:MSBuild.Earlgrey.Tasks.SqlServer2005.RegisterGroup.CreateRecursively">
            <summary>
            Gets or sets a value indicating whether to create recursively.
            </summary>
            <value>Set <c>true</c> if you want to create the server group <see cref="P:MSBuild.Earlgrey.Tasks.SqlServer2005.RegisterGroup.Name"/> recursively; otherwise, <c>false</c>.</value>
            <remarks></remarks>
        </member>
        <member name="T:MSBuild.Earlgrey.Tasks.SqlServer2005.UnregisterGroup">
            <summary>
            Unregister a server group from SQL Server Management Studio 2005.
            </summary>
            <example>
            <code title="Register and unregister the target server group in SQL Server Management Studio 2005." lang="xml" source=".\Samples\msbuild-RegisterGroup-UnregisterGroup.xml" />
            </example>
            <remarks></remarks>
        </member>
        <member name="M:MSBuild.Earlgrey.Tasks.SqlServer2005.UnregisterGroup.#ctor">
            <inheritdoc />
        </member>
        <member name="P:MSBuild.Earlgrey.Tasks.SqlServer2005.UnregisterGroup.Name">
            <summary>
            [Required] Gets or sets the name of the server group.
            </summary>
            <value>The server group name.</value>
            <remarks></remarks>
        </member>
        <member name="P:MSBuild.Earlgrey.Tasks.SqlServer2005.UnregisterGroup.Path">
            <summary>
            Gets or sets the path where the target group <see cref="P:MSBuild.Earlgrey.Tasks.SqlServer2005.UnregisterGroup.Name"/> is on.
            </summary>
            <value>If you do not set <see cref="P:MSBuild.Earlgrey.Tasks.SqlServer2005.UnregisterGroup.Path"/>, the target server group will be assumed as the root.</value>
            <example>
            <code>ServerGroup[@Name=''Local Instances'']/ServerGroup[@Name=''Group2'']</code>
            </example>
            <remarks>
            </remarks>
        </member>
    </members>
</doc>
