﻿<?xml version="1.0" encoding="utf-8" ?>
<Project
	ToolsVersion="3.5"
	InitialTargets=""
	DefaultTargets=""
	xmlns="http://schemas.microsoft.com/developer/msbuild/2003"
  >

  <PropertyGroup>
    <Semicolon>%3b</Semicolon>

    <Ampersand>&amp;</Ampersand>
    <LeftAngleBracket>&lt;</LeftAngleBracket>
    <RightAngleBracket>&gt;</RightAngleBracket>
    <StraightQuotationMark>&quot;</StraightQuotationMark>
    <Quot>$(StraightQuotationMark)</Quot>
    <Apostrophe>&apos;</Apostrophe>
  </PropertyGroup>

</Project>