﻿<?xml version="1.0" encoding="utf-8"?>
<Project 
	InitialTargets="RunTest"
	xmlns="http://schemas.microsoft.com/developer/msbuild/2003"
	>

<Import Project="msbuild-configurations.xml" />

<!-- Delete the next condition statement if you want to run this test! -->
<Target Name="RunTest" Condition="false">
	<BetterSvnDiff 
		Old="http://earlgrey.googlecode.com/svn/trunk/src@810"
		New="http://earlgrey.googlecode.com/svn/trunk/src@827"
		OldIsBasePath="true"
		ToolPath="$(SubversionDir)"
	>
		<Output TaskParameter="Items" ItemName="Items" />
	
		<Output TaskParameter="ItemsAdded" ItemName="ItemsAdded" />
		<Output TaskParameter="FoldersAdded" ItemName="FoldersAdded" />
		<Output TaskParameter="FilesAdded" ItemName="FilesAdded" />
		
		<Output TaskParameter="ItemsModified" ItemName="ItemsModified" />
		<Output TaskParameter="FoldersModified" ItemName="FoldersModified" />
		<Output TaskParameter="FilesModified" ItemName="FilesModified" />
		
		<Output TaskParameter="ItemsDeleted" ItemName="ItemsDeleted" />
		<Output TaskParameter="FoldersDeleted" ItemName="FoldersDeleted" />
		<Output TaskParameter="FilesDeleted" ItemName="FilesDeleted" />
		
		<Output TaskParameter="ItemsInConflict" ItemName="ItemsInConflict" />
		<Output TaskParameter="FoldersInConflict" ItemName="FoldersInConflict" />
		<Output TaskParameter="FilesInConflict" ItemName="FilesInConflict" />
	</BetterSvnDiff>
	
	<Message Text="%(Items.State) %(Kind) %(Identity)" Importance="high" />
</Target>

</Project>