﻿<?xml version="1.0" encoding="utf-8"?>
<Project
	InitialTargets="RunTest"
	xmlns="http://schemas.microsoft.com/developer/msbuild/2003"
	>

	<Import Project="msbuild-configurations.xml" />

	<PropertyGroup>
		<ConnectionString>Data Source=.\SQLEXPRESS;Integrated Security=SSPI;Initial Catalog=master</ConnectionString>
	</PropertyGroup>	
	
	<!-- Delete the next condition statement if you want to run this test! -->
	<Target Name="RunTest" Condition="false">
		<!-- User identity numbers are provided as metadata named 'Id'. -->
		<GetUserId
			ConnectionString="$(ConnectionString)"
			Names="dbo; guest; sys"
			>
			<Output TaskParameter="Ids" ItemName="UserIds" />
		</GetUserId>

		<Error Text="Not found!" Condition="'@(UserIds)' == ''" />
		
		<Message Text="%(UserIds.Identity) - %(UserIds.Id)" />
	</Target>

</Project>