﻿<?xml version="1.0" encoding="utf-8"?>
<Project 
	InitialTargets="RunTest"
	xmlns="http://schemas.microsoft.com/developer/msbuild/2003"
	>

<Import Project="msbuild-configurations.xml" />
	
<ItemGroup>
	<FileToDownload Include="./public_html/robots.txt">
		<CreateLocalFolder>true</CreateLocalFolder>
		<LocalDir>$(TempDir)\WinScpDownload\Sub1</LocalDir>
	</FileToDownload>
	<FileToDownload Include="./public_html/index.html">
		<CreateLocalFolder>true</CreateLocalFolder>
		<LocalDir>$(TempDir)\WinScpDownload\Sub2</LocalDir>
	</FileToDownload>
</ItemGroup>

<!-- Delete the next condition statement if you want to run this test! -->
<Target Name="RunTest" Condition="false">
	<WinScpDownload
		HostName = "ftpsomewhere.net"
		ProtocolSFtp = "true"
        UserName = "me"
        Password = "pwd"
		HostKey = "ssh-rsa 2048 89:1d:d7:21:ca:54:ad:af:3f:3f:a6:e5:f4:a0:e0:2d"
        Files = "@(FileToDownload)"
        TimeoutSeconds = "20"
	/>
	
	<Error Text="'$(TempDir)\WinScpDownload\Sub1\robots.txt' Not Found!" Condition="!Exists('$(TempDir)\WinScpDownload\Sub1\robots.txt')" />
	
	<Error Text="'$(TempDir)\WinScpDownload\Sub2\index.html)' Not Found!" Condition="!Exists('$(TempDir)\WinScpDownload\Sub2\index.html')" />
</Target>

</Project>